<?xml version="1.0" encoding="UTF-8"?>
<project-private xmlns="http://www.netbeans.org/ns/project-private/1">
    <editor-bookmarks xmlns="http://www.netbeans.org/ns/editor-bookmarks/2" lastBookmarkId="0"/>
    <open-files xmlns="http://www.netbeans.org/ns/projectui-open-files/2">
        <group>
            <file>file:/C:/Users/pc/Documents/NetBeansProjects/Bank_Application/src/Create_Account_Bank.java</file>
            <file>file:/C:/Users/pc/Documents/NetBeansProjects/Bank_Application/src/Create_Account_Page2.java</file>
            <file>file:/C:/Users/pc/Documents/NetBeansProjects/Bank_Application/src/Withdrwa_Amount_Bank.java</file>
            <file>file:/C:/Users/pc/Documents/NetBeansProjects/Bank_Application/src/Deposit_Amount.java</file>
            <file>file:/C:/Users/pc/Documents/NetBeansProjects/Bank_Application/src/Home_page_Bank.java</file>
            <file>file:/C:/Users/pc/Documents/NetBeansProjects/Bank_Application/src/Account_Activate_bank.java</file>
            <file>file:/C:/Users/pc/Documents/NetBeansProjects/Bank_Application/src/Bank_Login_page.java</file>
        </group>
    </open-files>
</project-private>
